{ "compressionlevel":-1,
 "height":20,
 "infinite":false,
 "layers":[
        {
         "data":[30, 2, 3, 3, 3, 3, 3, 3, 3, 3, 3, 3, 3, 3, 3, 3, 3, 3, 3, 3, 3, 3, 3, 3, 3, 3, 3, 3, 2, 4,
            30, 2, 9, 7, 8, 9, 11, 2, 12, 6, 7, 8, 9, 8, 11, 12, 8, 7, 8, 9, 8, 11, 7, 8, 8, 8, 11, 12, 2, 4,
            30, 2, 6, 9, 8, 9, 11, 2, 12, 8, 9, 8, 11, 12, 10, 10, 8, 9, 8, 11, 12, 6, 8, 8, 9, 8, 11, 12, 2, 4,
            30, 2, 0, 0, 0, 0, 0, 2, 0, 0, 0, 0, 0, 0, 0, 0, 0, 0, 0, 0, 0, 0, 0, 0, 0, 0, 0, 0, 2, 4,
            30, 2, 0, 0, 0, 0, 0, 2, 0, 0, 0, 16, 0, 0, 0, 0, 0, 0, 0, 0, 0, 0, 0, 0, 0, 0, 0, 0, 2, 4,
            30, 2, 0, 0, 0, 0, 0, 0, 0, 0, 0, 0, 0, 0, 0, 0, 0, 0, 0, 0, 0, 0, 0, 0, 0, 0, 0, 0, 2, 4,
            30, 2, 0, 0, 0, 0, 0, 2, 0, 0, 0, 0, 0, 0, 0, 0, 0, 0, 0, 0, 0, 0, 0, 0, 0, 0, 0, 0, 2, 4,
            30, 2, 0, 0, 0, 0, 0, 2, 0, 0, 0, 0, 0, 0, 0, 0, 0, 0, 0, 0, 0, 0, 0, 0, 0, 0, 0, 0, 2, 4,
            30, 2, 0, 0, 0, 0, 0, 2, 0, 0, 16, 0, 0, 0, 0, 0, 0, 0, 0, 0, 0, 0, 0, 0, 0, 0, 0, 0, 2, 4,
            30, 2, 0, 0, 0, 0, 0, 37, 0, 0, 0, 0, 0, 0, 0, 0, 0, 0, 0, 0, 0, 0, 0, 0, 0, 0, 0, 0, 2, 4,
            30, 2, 0, 0, 0, 0, 0, 7, 0, 0, 0, 0, 0, 0, 0, 0, 0, 0, 0, 0, 0, 0, 0, 0, 0, 0, 0, 0, 2, 4,
            30, 2, 0, 0, 0, 0, 0, 6, 0, 0, 0, 0, 0, 0, 0, 0, 0, 0, 0, 0, 0, 0, 0, 0, 0, 0, 0, 0, 2, 4,
            30, 2, 0, 0, 0, 0, 0, 0, 0, 0, 0, 0, 0, 0, 0, 0, 0, 0, 0, 0, 0, 0, 0, 0, 0, 0, 0, 0, 2, 4,
            30, 2, 0, 0, 0, 0, 0, 0, 0, 0, 0, 0, 0, 0, 0, 0, 0, 0, 0, 0, 0, 0, 0, 0, 0, 0, 0, 0, 2, 4,
            30, 2, 0, 0, 0, 0, 0, 0, 0, 0, 0, 0, 0, 0, 0, 0, 0, 0, 0, 0, 0, 0, 0, 0, 0, 0, 0, 0, 2, 4,
            30, 2, 0, 0, 0, 0, 0, 1238, 0, 0, 0, 0, 0, 0, 0, 0, 0, 0, 0, 0, 0, 0, 0, 0, 0, 0, 0, 0, 2, 4,
            30, 2, 0, 0, 0, 0, 0, 2, 0, 0, 0, 0, 0, 0, 0, 0, 0, 0, 0, 0, 0, 0, 0, 0, 0, 0, 0, 0, 2, 4,
            30, 2, 0, 0, 0, 0, 0, 2, 0, 0, 0, 0, 0, 0, 0, 0, 0, 0, 0, 0, 0, 0, 0, 0, 0, 0, 0, 0, 2, 4,
            30, 2, 3, 3, 3, 3, 3, 3, 3, 3, 3, 3, 3, 3, 3, 3, 3, 3, 3, 3, 3, 3, 3, 3, 3, 3, 3, 3, 2, 4,
            50, 49, 49, 49, 49, 49, 49, 49, 49, 49, 49, 49, 49, 49, 49, 49, 49, 49, 49, 49, 49, 49, 49, 49, 49, 49, 49, 49, 49, 50],
         "height":20,
         "id":1,
         "name":"Walls",
         "opacity":1,
         "type":"tilelayer",
         "visible":true,
         "width":30,
         "x":0,
         "y":0
        }, 
        {
         "data":[0, 0, 0, 0, 0, 0, 0, 0, 0, 0, 0, 0, 0, 0, 0, 0, 0, 0, 0, 0, 0, 0, 0, 0, 0, 0, 0, 0, 0, 0,
            0, 0, 0, 0, 0, 0, 0, 0, 0, 0, 0, 0, 0, 0, 0, 0, 0, 0, 0, 0, 0, 0, 0, 0, 0, 0, 0, 0, 0, 0,
            0, 0, 0, 0, 0, 0, 0, 0, 0, 0, 0, 0, 0, 0, 0, 0, 0, 0, 0, 0, 0, 0, 0, 0, 0, 0, 0, 0, 0, 0,
            0, 0, 19, 19, 19, 19, 19, 0, 19, 19, 19, 19, 19, 19, 19, 19, 19, 19, 19, 19, 19, 19, 19, 19, 19, 19, 19, 19, 0, 0,
            0, 0, 16, 19, 19, 25, 19, 0, 19, 25, 19, 19, 16, 19, 19, 19, 19, 19, 25, 19, 19, 19, 16, 19, 19, 19, 19, 19, 0, 0,
            0, 0, 19, 25, 19, 19, 19, 19, 19, 19, 19, 19, 19, 19, 25, 19, 19, 16, 19, 19, 19, 25, 19, 19, 19, 19, 19, 19, 0, 0,
            0, 0, 19, 19, 19, 19, 19, 0, 19, 16, 19, 19, 19, 19, 19, 19, 19, 25, 19, 19, 19, 19, 19, 19, 19, 25, 19, 19, 0, 0,
            0, 0, 19, 19, 19, 19, 19, 0, 19, 19, 19, 19, 25, 16, 19, 19, 19, 19, 19, 19, 19, 19, 19, 19, 19, 19, 19, 19, 0, 0,
            0, 0, 19, 25, 16, 19, 25, 0, 19, 19, 19, 19, 19, 19, 19, 19, 19, 16, 19, 19, 19, 19, 19, 19, 19, 19, 19, 19, 0, 0,
            0, 0, 19, 19, 19, 19, 19, 0, 19, 19, 16, 19, 19, 19, 19, 19, 25, 19, 19, 19, 25, 19, 19, 25, 19, 19, 19, 19, 0, 0,
            0, 0, 19, 19, 19, 19, 19, 0, 19, 19, 19, 25, 19, 19, 19, 19, 19, 19, 19, 19, 19, 19, 19, 19, 19, 19, 19, 19, 0, 0,
            0, 0, 19, 25, 19, 19, 19, 0, 19, 19, 19, 19, 19, 19, 25, 19, 19, 19, 19, 19, 16, 19, 19, 19, 19, 19, 19, 19, 0, 0,
            0, 0, 19, 19, 16, 19, 16, 19, 19, 19, 16, 19, 19, 19, 19, 19, 19, 19, 19, 19, 19, 19, 25, 19, 19, 19, 25, 19, 0, 0,
            0, 0, 19, 19, 19, 19, 19, 19, 16, 19, 25, 19, 19, 19, 19, 19, 19, 19, 25, 19, 19, 19, 19, 19, 19, 19, 19, 19, 0, 0,
            0, 0, 19, 19, 19, 19, 19, 19, 19, 19, 19, 19, 19, 19, 16, 19, 19, 19, 19, 19, 19, 16, 19, 19, 19, 19, 19, 19, 0, 0,
            0, 0, 19, 25, 19, 25, 19, 0, 19, 19, 19, 19, 19, 25, 19, 19, 19, 19, 25, 19, 19, 19, 25, 25, 19, 16, 19, 19, 0, 0,
            0, 0, 19, 19, 19, 19, 19, 0, 19, 19, 19, 19, 19, 19, 19, 19, 19, 16, 19, 19, 19, 19, 19, 19, 19, 19, 19, 19, 0, 0,
            0, 0, 19, 16, 19, 19, 19, 0, 19, 16, 19, 19, 19, 19, 19, 19, 19, 19, 19, 19, 19, 19, 19, 19, 19, 19, 19, 19, 0, 0,
            0, 0, 0, 0, 0, 0, 0, 0, 0, 0, 0, 0, 0, 0, 0, 0, 0, 0, 0, 0, 0, 0, 0, 0, 0, 0, 0, 0, 0, 0,
            0, 0, 0, 0, 0, 0, 0, 0, 0, 0, 0, 0, 0, 0, 0, 0, 0, 0, 0, 0, 0, 0, 0, 0, 0, 0, 0, 0, 0, 0],
         "height":20,
         "id":2,
         "name":"Ground",
         "opacity":1,
         "type":"tilelayer",
         "visible":true,
         "width":30,
         "x":0,
         "y":0
        }],
 "nextlayerid":3,
 "nextobjectid":1,
 "orientation":"orthogonal",
 "renderorder":"right-down",
 "tiledversion":"1.10.2",
 "tileheight":8,
 "tilesets":[
        {
         "firstgid":1,
         "source":"..\/VYVTileSet.tsx"
        }, 
        {
         "firstgid":61,
         "source":"..\/ScutSample.tsj"
        }],
 "tilewidth":8,
 "type":"map",
 "version":"1.10",
 "width":30
}