{ "compressionlevel":-1,
 "height":22,
 "infinite":true,
 "layers":[
        {
         "chunks":[
                {
                 "data":[0, 1062, 1063, 1063, 1063, 1063, 1063, 1063, 1063, 1063, 1063, 1064, 1065, 1066, 1067, 1063,
                    0, 1062, 1416, 1417, 1418, 1419, 1420, 1276, 1100, 1130, 1109, 1098, 1099, 1100, 1101, 1102,
                    0, 1062, 1416, 1416, 1417, 1418, 1419, 1420, 1277, 1130, 1097, 1098, 1099, 1100, 1101, 1102,
                    0, 1062, 0, 0, 0, 0, 0, 0, 0, 1130, 1174, 0, 0, 0, 0, 0,
                    0, 1062, 0, 0, 0, 0, 0, 0, 0, 1130, 0, 0, 0, 0, 0, 0,
                    0, 1062, 0, 0, 0, 0, 0, 0, 0, 0, 0, 0, 0, 0, 0, 0,
                    0, 1062, 0, 0, 0, 0, 0, 0, 0, 1096, 0, 0, 0, 1174, 0, 0,
                    0, 1062, 0, 0, 0, 0, 0, 0, 0, 1198, 0, 0, 0, 0, 0, 0,
                    0, 1062, 0, 0, 0, 0, 0, 0, 0, 1198, 0, 0, 0, 0, 0, 0,
                    0, 1062, 0, 0, 0, 0, 0, 0, 0, 1309, 0, 0, 0, 0, 0, 0,
                    0, 1164, 0, 0, 0, 0, 0, 0, 0, 1343, 0, 0, 0, 0, 0, 0,
                    0, 1164, 0, 0, 0, 0, 0, 0, 0, 1097, 0, 0, 0, 0, 0, 0,
                    0, 1164, 0, 0, 0, 0, 0, 0, 0, 0, 0, 0, 0, 0, 0, 0,
                    0, 1164, 0, 0, 0, 0, 0, 0, 0, 0, 0, 0, 0, 0, 0, 0,
                    0, 1164, 0, 0, 0, 0, 0, 0, 0, 0, 0, 0, 0, 0, 0, 0,
                    0, 1164, 0, 0, 0, 0, 0, 0, 0, 1178, 0, 0, 0, 0, 0, 0],
                 "height":16,
                 "width":16,
                 "x":0,
                 "y":0
                }, 
                {
                 "data":[1064, 1065, 1066, 1067, 1063, 1064, 1065, 1066, 1067, 1068, 1069, 1070, 1071, 1096, 0, 0,
                    1097, 1098, 1099, 1100, 1101, 1102, 1103, 1104, 1105, 1106, 1107, 1108, 1109, 1232, 0, 0,
                    1103, 1104, 1105, 1106, 1107, 1108, 1103, 1104, 1105, 1106, 1107, 1108, 1103, 1232, 0, 0,
                    0, 0, 0, 0, 0, 0, 0, 0, 0, 0, 0, 0, 0, 1232, 0, 0,
                    0, 0, 0, 0, 0, 0, 0, 0, 0, 0, 0, 0, 0, 1232, 0, 0,
                    0, 0, 0, 0, 0, 0, 0, 0, 0, 0, 0, 0, 0, 1232, 0, 0,
                    0, 0, 0, 0, 0, 0, 0, 0, 0, 0, 0, 0, 0, 1232, 0, 0,
                    0, 0, 0, 0, 0, 0, 0, 0, 0, 0, 0, 0, 0, 1232, 0, 0,
                    0, 0, 0, 0, 0, 0, 0, 0, 0, 0, 0, 0, 0, 1232, 0, 0,
                    0, 0, 0, 0, 0, 0, 0, 0, 0, 0, 0, 0, 0, 1232, 0, 0,
                    0, 0, 0, 0, 0, 0, 0, 0, 0, 0, 0, 0, 0, 1232, 0, 0,
                    0, 0, 0, 0, 0, 0, 0, 0, 0, 0, 0, 0, 0, 1232, 0, 0,
                    0, 0, 0, 0, 0, 0, 0, 0, 0, 0, 0, 0, 0, 1232, 0, 0,
                    0, 0, 0, 0, 0, 0, 0, 0, 0, 0, 0, 0, 0, 1232, 0, 0,
                    0, 0, 0, 0, 0, 0, 0, 0, 0, 0, 0, 0, 0, 1232, 0, 0,
                    0, 0, 0, 0, 0, 0, 0, 0, 0, 0, 0, 0, 0, 1232, 0, 0],
                 "height":16,
                 "width":16,
                 "x":16,
                 "y":0
                }, 
                {
                 "data":[0, 1164, 0, 0, 0, 0, 0, 0, 0, 1266, 0, 0, 0, 0, 0, 0,
                    0, 1062, 0, 0, 0, 0, 0, 0, 0, 1266, 0, 0, 0, 0, 0, 0,
                    0, 1198, 0, 0, 0, 0, 0, 0, 0, 1198, 0, 0, 0, 0, 0, 0,
                    0, 1198, 1068, 1068, 1068, 1068, 1068, 1068, 1068, 1068, 1068, 1068, 1068, 1068, 1068, 1068,
                    0, 0, 0, 0, 0, 0, 0, 0, 0, 0, 0, 0, 0, 0, 0, 0,
                    0, 0, 0, 0, 0, 0, 0, 0, 0, 0, 0, 0, 0, 0, 0, 0,
                    0, 0, 0, 0, 0, 0, 0, 0, 0, 0, 0, 0, 0, 0, 0, 0,
                    0, 0, 0, 0, 0, 0, 0, 0, 0, 0, 0, 0, 0, 0, 0, 0,
                    0, 0, 0, 0, 0, 0, 0, 0, 0, 0, 0, 0, 0, 0, 0, 0,
                    0, 0, 0, 0, 0, 0, 0, 0, 0, 0, 0, 0, 0, 0, 0, 0,
                    0, 0, 0, 0, 0, 0, 0, 0, 0, 0, 0, 0, 0, 0, 0, 0,
                    0, 0, 0, 0, 0, 0, 0, 0, 0, 0, 0, 0, 0, 0, 0, 0,
                    0, 0, 0, 0, 0, 0, 0, 0, 0, 0, 0, 0, 0, 0, 0, 0,
                    0, 0, 0, 0, 0, 0, 0, 0, 0, 0, 0, 0, 0, 0, 0, 0,
                    0, 0, 0, 0, 0, 0, 0, 0, 0, 0, 0, 0, 0, 0, 0, 0,
                    0, 0, 0, 0, 0, 0, 0, 0, 0, 0, 0, 0, 0, 0, 0, 0],
                 "height":16,
                 "width":16,
                 "x":0,
                 "y":16
                }, 
                {
                 "data":[0, 0, 0, 0, 0, 0, 0, 0, 0, 0, 0, 0, 0, 1232, 0, 0,
                    0, 0, 0, 0, 0, 0, 0, 0, 0, 0, 0, 0, 0, 1232, 0, 0,
                    0, 0, 0, 0, 0, 0, 0, 0, 0, 0, 0, 0, 0, 1232, 0, 0,
                    1068, 1068, 1068, 1068, 1068, 1068, 1068, 1068, 1068, 1068, 1068, 1068, 1068, 1470, 0, 0,
                    0, 0, 0, 0, 0, 0, 0, 0, 0, 0, 0, 0, 0, 0, 0, 0,
                    0, 0, 0, 0, 0, 0, 0, 0, 0, 0, 0, 0, 0, 0, 0, 0,
                    0, 0, 0, 0, 0, 0, 0, 0, 0, 0, 0, 0, 0, 0, 0, 0,
                    0, 0, 0, 0, 0, 0, 0, 0, 0, 0, 0, 0, 0, 0, 0, 0,
                    0, 0, 0, 0, 0, 0, 0, 0, 0, 0, 0, 0, 0, 0, 0, 0,
                    0, 0, 0, 0, 0, 0, 0, 0, 0, 0, 0, 0, 0, 0, 0, 0,
                    0, 0, 0, 0, 0, 0, 0, 0, 0, 0, 0, 0, 0, 0, 0, 0,
                    0, 0, 0, 0, 0, 0, 0, 0, 0, 0, 0, 0, 0, 0, 0, 0,
                    0, 0, 0, 0, 0, 0, 0, 0, 0, 0, 0, 0, 0, 0, 0, 0,
                    0, 0, 0, 0, 0, 0, 0, 0, 0, 0, 0, 0, 0, 0, 0, 0,
                    0, 0, 0, 0, 0, 0, 0, 0, 0, 0, 0, 0, 0, 0, 0, 0,
                    0, 0, 0, 0, 0, 0, 0, 0, 0, 0, 0, 0, 0, 0, 0, 0],
                 "height":16,
                 "width":16,
                 "x":16,
                 "y":16
                }],
         "height":32,
         "id":1,
         "name":"Walls",
         "opacity":1,
         "startx":0,
         "starty":0,
         "type":"tilelayer",
         "visible":true,
         "width":32,
         "x":0,
         "y":0
        }, 
        {
         "chunks":[
                {
                 "data":[1367, 0, 0, 0, 0, 0, 0, 0, 0, 0, 0, 0, 0, 0, 0, 0,
                    1095, 0, 0, 0, 0, 0, 0, 0, 0, 0, 0, 0, 0, 0, 0, 0,
                    1129, 0, 0, 0, 0, 0, 0, 0, 0, 0, 0, 0, 0, 0, 0, 0,
                    1163, 0, 1174, 1369, 1369, 1369, 1369, 1171, 1369, 0, 1171, 1301, 1301, 1301, 1301, 1301,
                    1197, 0, 1369, 1171, 1369, 1369, 1369, 1369, 1369, 0, 1301, 1301, 1174, 1301, 1171, 1301,
                    1367, 0, 1175, 1175, 1369, 1174, 1369, 1175, 1369, 1301, 1301, 1301, 1301, 1301, 1301, 1301,
                    1265, 0, 1369, 1174, 1369, 1369, 1369, 1369, 1369, 0, 1301, 1301, 1174, 1301, 1301, 1301,
                    1095, 0, 1369, 1369, 1369, 1369, 1369, 1369, 1174, 0, 1301, 1301, 1301, 1301, 1301, 1301,
                    1129, 0, 1369, 1369, 1369, 1369, 1369, 1171, 1369, 0, 1301, 1301, 1301, 1301, 1301, 1301,
                    1163, 0, 1369, 1171, 1369, 1175, 1369, 1369, 1369, 0, 1301, 1175, 1301, 1171, 1301, 1174,
                    1197, 0, 1369, 1369, 1369, 1369, 1369, 1369, 1369, 0, 1301, 1301, 1301, 1301, 1301, 1301,
                    1367, 0, 1369, 1369, 1174, 1369, 1369, 1369, 1369, 0, 1301, 1301, 1301, 1301, 1301, 1301,
                    1265, 0, 1174, 1369, 1369, 1369, 1171, 1174, 1369, 1301, 1301, 1174, 1301, 1301, 1301, 1175,
                    1299, 0, 1369, 1369, 1171, 1369, 1369, 1175, 1369, 1301, 1171, 1301, 1301, 1174, 1301, 1301,
                    1333, 0, 1369, 1369, 1369, 1369, 1369, 1369, 1369, 1301, 1301, 1301, 1301, 1301, 1301, 1301,
                    1367, 0, 1175, 1369, 1369, 1174, 1369, 1369, 1369, 0, 1301, 1171, 1301, 1301, 1301, 1301],
                 "height":16,
                 "width":16,
                 "x":0,
                 "y":0
                }, 
                {
                 "data":[0, 0, 0, 0, 0, 0, 0, 0, 0, 0, 0, 0, 0, 0, 1630, 0,
                    0, 0, 0, 0, 0, 0, 0, 0, 0, 0, 0, 0, 0, 0, 1630, 0,
                    0, 0, 0, 0, 0, 0, 0, 0, 0, 0, 0, 0, 0, 0, 1630, 0,
                    1301, 1301, 1171, 1301, 1301, 1301, 1301, 1301, 1301, 1301, 1301, 1301, 1301, 0, 1630, 0,
                    1174, 1301, 1301, 1301, 1301, 1171, 1301, 1301, 1174, 1171, 1301, 1174, 1301, 0, 1630, 0,
                    1301, 1301, 1174, 1301, 1175, 1301, 1301, 1301, 1301, 1301, 1301, 1301, 1301, 0, 1630, 0,
                    1301, 1301, 1301, 1301, 1301, 1301, 1174, 1301, 1301, 1301, 1175, 1301, 1301, 0, 1630, 0,
                    1174, 1301, 1171, 1301, 1301, 1301, 1171, 1301, 1301, 1301, 1301, 1301, 1301, 0, 1630, 0,
                    1301, 1301, 1301, 1301, 1301, 1301, 1301, 1301, 1301, 1174, 1301, 1301, 1301, 0, 1630, 0,
                    1171, 1301, 1301, 1301, 1174, 1301, 1171, 1301, 1301, 1301, 1175, 1301, 1301, 0, 1630, 0,
                    1301, 1301, 1301, 1301, 1301, 1301, 1301, 1301, 1301, 1301, 1301, 1301, 1301, 0, 1630, 0,
                    1301, 1301, 1301, 1301, 1301, 1301, 1175, 1174, 1301, 1301, 1301, 1301, 1301, 0, 1630, 0,
                    1174, 1301, 1301, 1171, 1301, 1174, 1301, 1301, 1301, 1171, 1301, 1174, 1301, 0, 1630, 0,
                    1301, 1301, 1301, 1301, 1301, 1301, 1301, 1301, 1301, 1301, 1301, 1301, 1301, 0, 1630, 0,
                    1301, 1301, 1171, 1174, 1175, 1175, 1171, 1301, 1301, 1174, 1301, 1301, 1301, 0, 1630, 0,
                    1301, 1171, 1301, 1301, 1301, 1301, 1301, 1301, 1171, 1301, 1301, 1301, 1301, 0, 1630, 0],
                 "height":16,
                 "width":16,
                 "x":16,
                 "y":0
                }, 
                {
                 "data":[1401, 0, 1369, 1369, 1369, 1369, 1369, 1369, 1369, 0, 1301, 1301, 1301, 1301, 1301, 1174,
                    1367, 0, 1174, 1369, 1171, 1369, 1174, 1369, 1175, 0, 1301, 1301, 1174, 1301, 1301, 1171,
                    1469, 0, 1369, 1369, 1369, 1369, 1369, 1369, 1369, 0, 1301, 1171, 1301, 1301, 1301, 1301,
                    1503, 0, 0, 0, 0, 0, 0, 0, 0, 0, 0, 0, 0, 0, 0, 0,
                    1537, 1572, 1572, 1572, 1572, 1572, 1572, 1573, 1574, 1575, 1576, 1577, 1578, 1579, 1580, 1581,
                    1571, 1606, 1606, 1606, 1606, 1606, 1606, 1607, 1608, 1609, 1610, 1611, 1612, 1613, 1614, 1615,
                    0, 0, 0, 0, 0, 0, 0, 0, 0, 0, 0, 0, 0, 0, 0, 0,
                    0, 0, 0, 0, 0, 0, 0, 0, 0, 0, 0, 0, 0, 0, 0, 0,
                    0, 0, 0, 0, 0, 0, 0, 0, 0, 0, 0, 0, 0, 0, 0, 0,
                    0, 0, 0, 0, 0, 0, 0, 0, 0, 0, 0, 0, 0, 0, 0, 0,
                    0, 0, 0, 0, 0, 0, 0, 0, 0, 0, 0, 0, 0, 0, 0, 0,
                    0, 0, 0, 0, 0, 0, 0, 0, 0, 0, 0, 0, 0, 0, 0, 0,
                    0, 0, 0, 0, 0, 0, 0, 0, 0, 0, 0, 0, 0, 0, 0, 0,
                    0, 0, 0, 0, 0, 0, 0, 0, 0, 0, 0, 0, 0, 0, 0, 0,
                    0, 0, 0, 0, 0, 0, 0, 0, 0, 0, 0, 0, 0, 0, 0, 0,
                    0, 0, 0, 0, 0, 0, 0, 0, 0, 0, 0, 0, 0, 0, 0, 0],
                 "height":16,
                 "width":16,
                 "x":0,
                 "y":16
                }, 
                {
                 "data":[1301, 1301, 1301, 1301, 1301, 1301, 1174, 1301, 1301, 1301, 1301, 1301, 1301, 0, 1630, 0,
                    1301, 1301, 1301, 1171, 1301, 1301, 1301, 1301, 1301, 1301, 1301, 1174, 1301, 0, 1630, 0,
                    1301, 1175, 1301, 1301, 1301, 1301, 1301, 1301, 1301, 1301, 1301, 1301, 1301, 0, 1630, 0,
                    0, 0, 0, 0, 0, 0, 0, 0, 0, 0, 0, 0, 0, 0, 1630, 0,
                    1582, 1583, 1584, 1585, 1586, 1587, 1588, 1589, 1590, 1591, 1592, 1593, 1594, 1595, 1630, 0,
                    1616, 1617, 1618, 1619, 1620, 1621, 1622, 1623, 1624, 1625, 1626, 1627, 1628, 1629, 1630, 0,
                    0, 0, 0, 0, 0, 0, 0, 0, 0, 0, 0, 0, 0, 0, 0, 0,
                    0, 0, 0, 0, 0, 0, 0, 0, 0, 0, 0, 0, 0, 0, 0, 0,
                    0, 0, 0, 0, 0, 0, 0, 0, 0, 0, 0, 0, 0, 0, 0, 0,
                    0, 0, 0, 0, 0, 0, 0, 0, 0, 0, 0, 0, 0, 0, 0, 0,
                    0, 0, 0, 0, 0, 0, 0, 0, 0, 0, 0, 0, 0, 0, 0, 0,
                    0, 0, 0, 0, 0, 0, 0, 0, 0, 0, 0, 0, 0, 0, 0, 0,
                    0, 0, 0, 0, 0, 0, 0, 0, 0, 0, 0, 0, 0, 0, 0, 0,
                    0, 0, 0, 0, 0, 0, 0, 0, 0, 0, 0, 0, 0, 0, 0, 0,
                    0, 0, 0, 0, 0, 0, 0, 0, 0, 0, 0, 0, 0, 0, 0, 0,
                    0, 0, 0, 0, 0, 0, 0, 0, 0, 0, 0, 0, 0, 0, 0, 0],
                 "height":16,
                 "width":16,
                 "x":16,
                 "y":16
                }],
         "height":32,
         "id":2,
         "name":"Ground",
         "opacity":1,
         "startx":0,
         "starty":0,
         "type":"tilelayer",
         "visible":true,
         "width":32,
         "x":0,
         "y":0
        }],
 "nextlayerid":3,
 "nextobjectid":1,
 "orientation":"orthogonal",
 "renderorder":"right-down",
 "tiledversion":"1.10.2",
 "tileheight":8,
 "tilesets":[
        {
         "firstgid":1,
         "source":"..\/ScutSample.tsj"
        }],
 "tilewidth":8,
 "type":"map",
 "version":"1.10",
 "width":31
}