{ "compressionlevel":-1,
 "height":20,
 "infinite":false,
 "layers":[
        {
         "data":[2, 3, 3, 3, 3, 3, 3, 3, 3, 3, 3, 3, 3, 3, 3, 3, 2, 5, 5, 5, 5, 5, 5, 5, 5, 5, 5, 5, 5, 5,
            2, 6, 7, 8, 8, 6, 8, 8, 8, 6, 7, 8, 8, 6, 8, 8, 2, 5, 5, 5, 5, 5, 5, 5, 5, 5, 5, 5, 5, 5,
            2, 9, 10, 11, 8, 7, 11, 12, 11, 9, 10, 8, 12, 7, 11, 9, 2, 5, 5, 5, 5, 5, 5, 5, 5, 5, 5, 5, 5, 5,
            2, 33, 14, 15, 16, 17, 18, 19, 16, 19, 19, 20, 18, 21, 22, 23, 2, 5, 5, 5, 5, 5, 5, 5, 5, 5, 5, 5, 5, 5,
            2, 14, 14, 14, 24, 15, 25, 17, 19, 26, 19, 19, 19, 18, 16, 23, 2, 5, 5, 5, 5, 5, 5, 5, 5, 5, 5, 5, 5, 5,
            2, 14, 15, 25, 14, 13, 14, 14, 15, 18, 19, 16, 19, 19, 19, 16, 2, 5, 5, 5, 5, 5, 5, 5, 5, 5, 5, 5, 5, 5,
            2, 14, 24, 17, 15, 14, 14, 25, 15, 19, 19, 28, 29, 19, 20, 23, 2, 3, 3, 3, 3, 27, 5, 5, 5, 5, 5, 5, 5, 5,
            2, 25, 14, 25, 14, 14, 32, 33, 19, 34, 19, 35, 36, 18, 23, 23, 2, 8, 8, 6, 8, 8, 5, 5, 5, 5, 5, 5, 5, 5,
            2, 14, 14, 14, 38, 39, 40, 32, 32, 19, 16, 18, 19, 16, 23, 23, 2, 8, 12, 7, 10, 9, 30, 20, 18, 23, 20, 4, 5, 5,
            2, 14, 14, 14, 41, 32, 42, 40, 42, 32, 24, 19, 16, 20, 23, 23, 37, 23, 23, 23, 23, 20, 23, 23, 23, 23, 23, 16, 4, 5,
            2, 14, 14, 14, 18, 25, 42, 42, 42, 18, 45, 16, 23, 23, 23, 23, 7, 23, 16, 23, 23, 23, 23, 23, 16, 23, 23, 23, 4, 5,
            2, 14, 25, 14, 14, 14, 25, 19, 48, 45, 18, 48, 18, 21, 23, 23, 23, 23, 23, 23, 20, 43, 44, 23, 23, 20, 21, 20, 4, 5,
            2, 14, 14, 14, 14, 14, 15, 19, 19, 19, 34, 16, 20, 34, 23, 16, 23, 22, 46, 47, 47, 46, 46, 46, 18, 20, 34, 46, 4, 5,
            2, 14, 15, 14, 14, 14, 24, 17, 34, 19, 19, 18, 16, 19, 23, 23, 23, 23, 4, 5, 5, 5, 5, 30, 49, 18, 48, 4, 5, 5,
            2, 14, 14, 14, 14, 14, 19, 19, 19, 19, 19, 20, 17, 19, 19, 16, 23, 20, 4, 5, 5, 5, 5, 5, 30, 45, 34, 4, 5, 5,
            2, 33, 14, 14, 13, 14, 15, 17, 34, 17, 34, 19, 24, 19, 17, 25, 20, 47, 5, 5, 5, 5, 5, 5, 30, 46, 47, 4, 5, 5,
            2, 14, 17, 14, 14, 14, 14, 14, 15, 24, 17, 18, 20, 17, 15, 19, 15, 4, 5, 5, 5, 5, 5, 5, 5, 5, 5, 5, 5, 5,
            2, 14, 14, 14, 17, 25, 14, 14, 14, 14, 14, 14, 14, 14, 24, 25, 47, 4, 5, 5, 5, 5, 5, 5, 5, 5, 5, 5, 5, 5,
            2, 14, 24, 15, 18, 17, 25, 14, 14, 14, 15, 14, 14, 46, 47, 46, 4, 5, 5, 5, 5, 5, 5, 5, 5, 5, 5, 5, 5, 5,
            3, 3, 3, 3, 3, 3, 3, 3, 3, 3, 3, 3, 27, 5, 5, 5, 5, 5, 5, 5, 5, 5, 5, 5, 5, 5, 5, 5, 5, 5],
         "height":20,
         "id":1,
         "name":"TileMap",
         "opacity":1,
         "type":"tilelayer",
         "visible":true,
         "width":30,
         "x":0,
         "y":0
        }, 
        {
         "data":[2, 3, 3, 3, 3, 3, 3, 3, 3, 3, 3, 3, 3, 3, 3, 3, 2, 5, 5, 5, 5, 5, 5, 5, 5, 5, 5, 5, 5, 5,
            2, 6, 7, 8, 8, 6, 8, 8, 8, 6, 7, 8, 8, 6, 8, 8, 2, 5, 5, 5, 5, 5, 5, 5, 5, 5, 5, 5, 5, 5,
            2, 9, 10, 11, 8, 7, 11, 12, 11, 9, 10, 8, 12, 7, 11, 9, 2, 5, 5, 5, 5, 5, 5, 5, 5, 5, 5, 5, 5, 5,
            2, 0, 0, 0, 0, 0, 0, 0, 0, 0, 0, 0, 0, 0, 0, 0, 2, 5, 5, 5, 5, 5, 5, 5, 5, 5, 5, 5, 5, 5,
            2, 0, 0, 0, 0, 0, 0, 0, 0, 0, 0, 0, 0, 0, 0, 0, 2, 5, 5, 5, 5, 5, 5, 5, 5, 5, 5, 5, 5, 5,
            2, 0, 0, 0, 0, 13, 0, 0, 0, 0, 0, 0, 0, 0, 0, 0, 2, 5, 5, 5, 5, 5, 5, 5, 5, 5, 5, 5, 5, 5,
            2, 0, 0, 0, 0, 0, 0, 0, 0, 0, 0, 28, 29, 0, 0, 0, 2, 3, 3, 3, 3, 27, 5, 5, 5, 5, 5, 5, 5, 5,
            2, 0, 0, 0, 0, 0, 32, 0, 0, 0, 0, 35, 36, 0, 0, 0, 2, 8, 8, 6, 8, 8, 5, 5, 5, 5, 5, 5, 5, 5,
            2, 0, 0, 0, 0, 0, 40, 32, 32, 0, 0, 0, 0, 0, 0, 0, 2, 8, 12, 7, 10, 9, 30, 0, 0, 0, 0, 4, 5, 5,
            2, 0, 0, 0, 0, 32, 42, 40, 42, 32, 0, 0, 0, 0, 0, 0, 37, 0, 0, 0, 0, 0, 0, 0, 0, 0, 0, 0, 4, 5,
            2, 0, 0, 0, 0, 0, 42, 42, 42, 0, 0, 0, 0, 0, 0, 0, 7, 0, 0, 0, 0, 0, 0, 0, 0, 0, 0, 0, 4, 5,
            2, 0, 0, 0, 0, 0, 0, 0, 0, 0, 0, 0, 0, 0, 0, 0, 0, 0, 0, 0, 0, 0, 0, 0, 0, 0, 0, 0, 4, 5,
            2, 0, 0, 0, 0, 0, 0, 0, 0, 0, 0, 0, 0, 0, 0, 0, 0, 0, 46, 47, 47, 46, 46, 46, 0, 0, 0, 46, 4, 5,
            2, 0, 0, 0, 0, 0, 0, 0, 0, 0, 0, 0, 0, 0, 0, 0, 0, 0, 4, 5, 5, 5, 5, 30, 49, 0, 0, 4, 5, 5,
            2, 0, 0, 0, 0, 0, 0, 0, 0, 0, 0, 0, 0, 0, 0, 0, 0, 0, 4, 5, 5, 5, 5, 5, 30, 0, 0, 4, 5, 5,
            2, 0, 0, 0, 13, 0, 0, 0, 0, 0, 0, 0, 0, 0, 0, 0, 0, 47, 5, 5, 5, 5, 5, 5, 30, 46, 47, 4, 5, 5,
            2, 0, 0, 0, 0, 0, 0, 0, 0, 0, 0, 0, 0, 0, 0, 0, 0, 4, 5, 5, 5, 5, 5, 5, 5, 5, 5, 5, 5, 5,
            2, 0, 0, 0, 0, 0, 0, 0, 0, 0, 0, 0, 0, 0, 0, 0, 47, 4, 5, 5, 5, 5, 5, 5, 5, 5, 5, 5, 5, 5,
            2, 0, 0, 0, 0, 0, 0, 0, 0, 0, 0, 0, 0, 46, 47, 46, 4, 5, 5, 5, 5, 5, 5, 5, 5, 5, 5, 5, 5, 5,
            3, 3, 3, 3, 3, 3, 3, 3, 3, 3, 3, 3, 27, 5, 5, 5, 5, 5, 5, 5, 5, 5, 5, 5, 5, 5, 5, 5, 5, 5],
         "height":20,
         "id":3,
         "name":"Walls",
         "opacity":1,
         "type":"tilelayer",
         "visible":true,
         "width":30,
         "x":0,
         "y":0
        }],
 "nextlayerid":4,
 "nextobjectid":1,
 "orientation":"orthogonal",
 "renderorder":"left-up",
 "tiledversion":"1.10.2",
 "tileheight":8,
 "tilesets":[
        {
         "firstgid":1,
         "source":"..\/..\/..\/..\/Tiled\/TestTileSet.tsx"
        }],
 "tilewidth":8,
 "type":"map",
 "version":"1.10",
 "width":30
}