{
  "Levels": [
    {
      "TiledData": {
        "TileMapFile": "./Data/TiledLevelMap.json"
      },
      "Entities": [
        {
          "Type": "Object",
          "Name": "Winner",
          "file": "./Assets/PPM/TemporaryWinScreen.ppm",
          "isAnimated": false,
          "Components": [
            {
              "Type": "Transform",
              "translation": {
                "x": 0,
                "y": 0
              }
            }
          ]
        }
      ]
    }
  ]
}