{
  "Levels": [
    {
      "TylerTileData": {
        "SizeX": 30,
        "SizeY": 17,
        "WallValues": [],
        "TileMap": [
          [ 1, 1, 1, 1, 1, 1, 1, 1, 1, 1, 1, 1, 1, 1, 1, 1, 2 ],
          [ 2, 5, 8, 12, 13, 13, 13, 24, 13, 13, 13, 13, 13, 13, 13, 13, 2],
          [ 2, 6, 9, 13, 13, 14, 23, 13, 13, 13, 13, 24, 13, 16, 13, 23, 2 ],
          [ 2, 7, 10, 14, 13, 24, 16, 24, 13, 13, 13, 13, 13, 13, 13, 14, 2 ],
          [ 2, 7, 7, 15, 23, 13, 14, 13, 37, 40, 17, 13, 12, 13, 16, 17, 2 ],
          [ 2, 5, 6, 16, 14, 12, 13, 30, 38, 31, 24, 13, 13, 13, 24, 16, 2 ],
          [ 2, 7, 10, 17, 24, 13, 13, 31, 39, 41, 41, 24, 14, 13, 13, 24, 2 ],
          [ 2, 7, 11, 18, 16, 13, 24, 32, 31, 39, 41, 33, 16, 13, 13, 13, 2 ],
          [ 2, 7, 10, 15, 18, 14, 16, 18, 31, 41, 41, 47, 33, 23, 13, 13, 2 ],
          [ 2, 5, 8, 18, 25, 17, 18, 33, 18, 31, 17, 44, 18, 16, 13, 13, 2 ],
          [ 2, 6, 9, 18, 18, 18, 18, 18, 15, 23, 44, 17, 33, 17, 13, 14, 2 ],
          [ 2, 7, 7, 19, 18, 15, 27, 34, 17, 18, 15, 47, 15, 19, 13, 12, 2 ],
          [ 2, 7, 11, 17, 18, 18, 28, 35, 18, 15, 22, 17, 19, 14, 13, 13, 26 ],
          [ 2, 5, 6, 20, 17, 18, 18, 17, 22, 19, 22, 15, 33, 16, 13, 45, 4 ],
          [ 2, 7, 10, 21, 15, 18, 19, 22, 22, 22, 22, 22, 16, 14, 23, 46, 4 ],
          [ 2, 7, 8, 22, 22, 15, 22, 22, 22, 22, 15, 22, 15, 18, 24, 45, 4 ],
          [ 1, 1, 1, 1, 1, 1, 1, 36, 6, 22, 22, 22, 19, 14, 46, 3, 4 ],
          [ 3, 3, 3, 3, 2, 7, 7, 22, 22, 22, 17, 19, 45, 3, 3, 4, 4 ],
          [ 4, 4, 4, 4, 2, 7, 11, 22, 15, 22, 46, 4, 4, 4, 4, 4, 4 ],
          [ 4, 4, 4, 4, 2, 5, 6, 22, 22, 22, 46, 4, 4, 4, 4, 4, 4 ],
          [ 4, 4, 4, 4, 2, 7, 10, 22, 22, 19, 46, 4, 4, 4, 4, 4, 4 ],
          [ 4, 4, 4, 4, 26, 7, 8, 19, 22, 42, 45, 4, 4, 4, 4, 4, 4 ],
          [ 4, 4, 4, 4, 4, 4, 29, 22, 22, 43, 45, 4, 4, 4, 4, 4, 4 ],
          [ 4, 4, 4, 4, 4, 4, 19, 22, 22, 22, 45, 29, 4, 4, 4, 4, 4 ],
          [ 4, 4, 4, 4, 4, 4, 17, 22, 15, 22, 17, 48, 29, 29, 4, 4, 4 ],
          [ 4, 4, 4, 4, 4, 4, 22, 22, 22, 19, 19, 17, 44, 45, 4, 4, 4 ],
          [ 4, 4, 4, 4, 4, 4, 19, 22, 22, 15, 33, 47, 33, 46, 4, 4, 4 ],
          [ 4, 4, 4, 4, 4, 4, 3, 15, 22, 19, 45, 3, 3, 3, 4, 4, 4 ],
          [ 4, 4, 4, 4, 4, 4, 4, 3, 3, 3, 3, 4, 4, 4, 4, 4, 4 ],
          [ 4, 4, 4, 4, 4, 4, 4, 4, 4, 4, 4, 4, 4, 4, 4, 4, 4 ]
        ]
      },
      "Entities": [
        {
          "Type": "Object",
          "Name": "Player",
          "file": "./Assets/PPM/Animated_Man_Red_2.4.ppm",
          "isAnimated": true,
          "frameSize": [ 8, 8 ],
          "Components": [
            {
              "Type": "ColliderAABB"
            },
            {
              "Type": "Transform",
              "translation": {
                "x": 90,
                "y": 30
              }
            },
            {
              "Type": "Physics",
              "OldTranslation": {
                "x": 90,
                "y": 30
              }
            },
            {
              "Type": "BehaviorPlayer",
              "MoveSpeed": 35
            }
          ]
        },
        {
          "Type": "Object",
          "Name": "Switch",
          "file": "./Assets/PPM/goose2.ppm",
          "isAnimated": false,
          "frameSize": [ 8, 8 ],
          "Components": [
            {
              "Type": "ColliderAABB"
            },
            {
              "Type": "Transform",
              "translation": {
                "x": 80,
                "y": 30
              }
            },
            {
              "Type": "Physics",
              "OldTranslation": {
                "x": 90,
                "y": 30
              }
            },
            {
              "Type": "BehaviorSwitch"
            }
          ]
        }
      ]
    }
  ]
}