{
  "Levels": [
    {
      "TiledData": {
        "TileMapFile": "./Data/TileMaps/TiledLevelMap.json"
      },
      "Entities": [
        {
          "Type": "Object",
          "Name": "Player",
          "file": "./Assets/PPM/Player_Sprites.ppm",
          "isAnimated": true,
          "frameSize": [ 8, 8 ],
          "Components": [
            {
              "Type": "ColliderAABB"
            },
            {
              "Type": "Transform",
              "translation": {
                "x": 90,
                "y": 30
              }
            },
            {
              "Type": "Physics",
              "OldTranslation": {
                "x": 90,
                "y": 30
              }
            },
            {
              "Type": "BehaviorPlayer",
              "MoveSpeed": 35
            }
          ]
        },
        {
          "Type": "Object",
          "Name": "Switch",
          "file": "./Assets/PPM/Circle_2x2.ppm",
          "isAnimated": false,
          "frameSize": [ 8, 8 ],
          "Components": [
            {
              "Type": "ColliderAABB"
            },
            {
              "Type": "Transform",
              "translation": {
                "x": 70,
                "y": 30
              }
            },
            {
              "Type": "Physics",
              "OldTranslation": {
                "x": 90,
                "y": 30
              }
            },
            {
              "Type": "BehaviorSwitch",
              "key": 1,
              "pos": [
                {
                  "x": "20",
                  "y": "80"
                },
                {
                  "x": "110",
                  "y": "50"
                },
                {
                  "x": "20",
                  "y": "60"
                },
                {
                  "x": "999",
                  "y": "999"
                }
              ]
            }
          ]
        },
        {
          "Type": "Object",
          "Name": "Mirror",
          "file": "./Assets/PPM/Mirror.ppm",
          "isAnimated": false,
          "frameSize": [ 8, 8 ],
          "Components": [
            {
              "Type": "Transform",
              "translation": {
                "x": 50,
                "y": 30
              }
            },
            {
              "Type": "Physics",
              "OldTranslation": {
                "x": 90,
                "y": 30
              }
            },
            {
              "Type": "BehaviorMirror",
              "key": 1,
              "pos": [
                {
                  "x": "50",
                  "y": "50"
                },
                {
                  "x": "50",
                  "y": "70"
                },
                {
                  "x": "50",
                  "y": "80"
                },
                {
                  "x": "50",
                  "y": "100"
                },
                {
                  "x": "50",
                  "y": "50"
                }
              ]
            }
          ]
        },
        {
          "Type": "Object",
          "Name": "Door",
          "file": "./Assets/PPM/Door_Closed.ppm",
          "isAnimated": false,
          "Components": [
            {
              "Type": "ColliderAABB"
            },
            {
              "Type": "Transform",
              "translation": {
                "x": 192,
                "y": 48
              }
            },
            {
              "Type": "Physics",
              "OldTranslation": {
                "x": 94,
                "y": 30
              }
            },
            {
              "Type": "BehaviorDoor",
              "DoorClosed": true,
              "ClosedSprite": "./Assets/PPM/Door_Closed.ppm",
              "OpenSprite": "./Assets/PPM/Door_Open.ppm"
            }
          ]
        },
        {
          "Type": "Light",
          "Name": "PlayerDirectional",
          "file": "./Data/Lights/PlayerDirectionalLight.json",
          "Components": [
            {
              "Type": "Transform",
              "translation": {
                "x": 192,
                "y": 48
              }
            },
            {
              "Type": "Light"
            }
          ]
        },
        {
          "Type": "Light",
          "Name": "PlayerDome",
          "file": "./Data/Lights/PlayerDomeLight.json",
          "Components": [
            {
              "Type": "Transform",
              "translation": {
                "x": 200,
                "y": 90
              }
            },
            {
              "Type": "Light"
            }
          ]
        }
      ]
    }
  ]
}
